x1,x2,x3,x4,x5,x6,x7,x8,x9,x10,y
0.5111152168927062,1.4065118750003656,2.700931132858651,-3.02254563767284,1.9806525793883378,3.038699228076002,0.647982865780254,0.6445996953428184,0.1856446019769682,0.6499879314485842,9.292374529608557
-0.126437155394365,0.6657076515865139,2.8631814254767516,-0.8706928014259132,-0.6367847725376161,-0.3064991214840569,0.768836647918091,-3.767788853765463,3.3483504913275435,0.4231679420747799,2.394867467617125
0.42584075725836157,1.580779871640113,2.6716584370410135,1.6922330542727178,-1.2008947142177848,2.770607712215228,1.8075630350615985,-3.6222748710786012,3.169021717592027,0.7613455562830862,0.25438185206887687
-1.7570095001703936,2.109735924297139,2.6454609491609595,1.4245559612807828,-0.301709078896119,3.6584050316511725,0.798284142878036,-3.386660673387345,0.4428735161090388,0.4664990500566807,-7.689825162444583
0.04431813363372794,1.851658985670675,3.1964300666055907,0.9685411362857028,3.5949250268381605,1.531165600352709,4.603536447938984,1.9099705187913676,3.5729582951408894,0.5494770016688378,1.4001946278752377
1.7514882984239537,1.7906883282792767,1.7014464402907719,-3.455543588387254,0.1222142125834913,2.5051747099644155,2.6212892370656586,-2.1821240712852017,2.031331982326334,0.11859248220208729,14.969595483879285
-2.8519898743426357,-0.6478551578654383,2.1010588607207845,1.6942361605373684,2.3787717623867177,1.047964951508419,5.341714328755491,-2.5244222162049725,0.2901548167626159,0.32517972386301836,-8.833828813561837
0.184611136956499,-1.74176387852436,2.5132803429905115,-1.1210054482687113,0.7297106413071537,5.093501903103898,2.1112534069882,-3.9333173379457254,-1.840023713793502,0.47492381648833054,4.983506949911311
0.44749168911336445,2.4027909924826862,2.1350662085353793,0.8898265271432733,1.2119638809369118,3.194446246830184,2.898429427147979,-3.8168196458112895,1.7569706513603591,0.37221393366518923,2.844472565745181
1.5456609284603564,1.4827431908267452,2.3019837308780295,0.8615121067823708,1.4463356939168885,2.85891727295127,0.9223117505364911,-0.7569299813200567,1.0344254623692601,0.33526385788508456,5.2206655563263755
0.5164657066062932,0.976264841723203,3.143870891445022,-2.434873836688783,3.4725341133737953,5.610501981143971,0.9508516010129058,0.33342344541753377,1.474497744318069,0.3614193897476313,8.217889026211047
-0.359557680977808,1.7637443305581701,2.4255145130211373,-0.4076309144940442,2.2014066369497094,3.6545206656207645,0.9741564893615635,0.6324734541433568,0.7482802058451057,0.7654898519530449,0.7550188003501289
0.1021024737140539,3.120040929232505,1.585394486143013,2.0570857536764455,1.9620397683844213,0.9587640907759964,0.6085989050707152,-0.33671055055267995,-0.25824262365875095,0.3361141945541493,-2.639495726298806
-1.5290529683858765,2.5548842824310514,2.2883291353328605,-1.9217082195087203,3.0560381185334355,3.492271568357645,0.6135936977513814,-0.3235098228572939,0.5302706691367091,0.4756418036738569,-0.37719455495473286
-1.0431553013008443,2.058442630082154,2.529056587066936,0.7901670880092091,0.7401637634861017,5.73136419657255,2.622785582692013,2.0251374821302166,1.7773010145395434,0.3895392487579691,-2.859807227426194
-2.3699839755827927,0.024601803884092055,2.5198447662281636,2.2483062357632244,2.78201157234172,-0.8350922085089102,0.5972916944935556,-1.68343892319906,0.610187095888368,0.48685701384548064,-11.30972151474747
1.5818413200819124,0.16753011673313611,2.778018720673207,-1.3362129462236458,2.5815631141904776,3.38613704907696,0.8931741341670003,-2.0982574559284837,0.6035403569231319,0.5463223972322202,8.956894811711031
0.13022024653118436,-1.6250451495044778,2.737194287377737,-1.1741979638500872,2.567879235892239,0.09784472620514517,2.3221518636918277,2.834593504254647,-0.6713257968634108,0.27029725916936814,5.145982060694877
-1.7825574444544592,1.696864821273412,2.4305869507370073,-0.7846249447485585,1.3139799565061907,4.715216577464725,0.5109707700151407,1.5141104617286807,1.1003205299561025,0.2741395906937777,-3.446027026071174
-0.12010025227238202,2.219489917207283,1.9034801208772834,1.3542354500166622,0.9752221250670856,3.4847917074887986,1.2450776335023308,-0.18506840733703633,-0.22312513563628245,0.7319507591382127,-1.6549862684249859
1.1230867939920655,2.309195850810663,2.279430374181219,-0.864291669583034,0.4562116257967015,5.558926450786966,0.40306118348303227,-1.7967613957279438,2.010378819667924,0.7153125749085312,6.984928275801139
0.8899092556361377,1.7429735184044535,2.188611721689101,-0.5825242639557482,0.5313811620401544,3.6870450346820087,1.9386778909469655,-2.907345443371052,0.19248900974679994,0.4245889863816085,5.877930308928434
-1.7986940584329618,0.8305264559499548,2.3574480986568718,-2.1660950613783365,0.39958421872980976,-0.8794677478964872,0.3696961333819122,-3.7006304260001883,0.6747255004546673,0.5622743021846701,-0.29739114363643027
-4.887374342231366,0.37929479189884174,2.8455842676289436,2.4300703921131444,1.940217314191291,2.57247691080584,0.3001293309550275,2.8189228639299335,3.380381922318809,0.59587362356641,-18.40050324139311
0.05354051885493183,0.09209872430015842,2.702051374781876,1.8541249238193895,1.2259964240759136,5.3256764453130865,1.9018087247839797,0.747084011177531,0.6627683550293534,0.19859943547931036,-1.583998423499328
-1.7416174845735264,0.8202326659182809,2.912002856870843,0.10152587817074554,2.017680237216023,0.6261210291993038,3.354179553873786,-3.6333640567049654,0.5153677022536163,0.6294569385828133,-3.5551433275608644
0.371258508372701,-0.07560887928609361,2.307958398198603,2.263360428759512,2.085458423583365,-0.41972517074080595,0.43563764454489395,-2.731300816841965,1.6441841844888239,0.5208840854463862,-1.937089570273397
0.8303785436707376,2.931549471509446,3.2541803841423667,0.6219866004842798,0.22829273485400026,4.039215084552892,2.8985767474923807,-1.7634858547742072,-0.9637879824482185,0.32716531547508854,4.592848442201421
1.0590863556287353,-0.43260870837216103,2.83641925629836,2.2546337951149766,0.19227776146892483,2.5175599685738397,2.5493414953968343,-1.895427298289488,2.3758902539563787,0.41292515757440845,1.7589413101525604
1.9426366803699442,0.7832413954218546,2.5561173409209785,-2.5307847995622215,1.225607540192025,-0.6668331702370888,0.7894695298918042,0.38712791377015154,2.093334047801154,0.4091742063801492,12.247444731138927
1.2308996853082248,-1.1298402547739617,2.8016732921889846,-2.147255558581515,0.5698551316634627,0.9594066270759685,1.0317263079612058,-0.8044510145050792,1.576896919362198,0.537391786345007,10.688360961567435
1.9493683602976302,1.3262103474278715,2.1621197926844844,1.8110947818303647,0.4435054325684571,1.287240533501667,3.458907731009702,3.0577328340957326,-2.714807242823941,0.5069347455670001,6.1031937565179
1.4306844805294632,0.9973779192671568,1.4456228920197893,-0.9807536502402767,3.534824410889845,3.6750303459125133,7.83173849261966,1.7552856048625713,0.7146471316766456,0.6596179222068271,11.220399564176995
1.552704603631034,0.6075306109965066,2.1966518154651107,-1.2730537753845912,-0.3400257262528954,2.301201544975363,2.8853316108048612,3.285860554480636,-0.4001528486058663,0.7278461331453419,10.489755529337982
-0.5572153950168817,-0.026061592633059405,2.8737284786210844,1.026012138304064,3.9276773127336124,2.410332285927596,2.065647444201261,2.9025490012756174,2.2365174623554944,0.6044257192249397,-1.9012904183422916
-2.305057003725328,1.0027080191463782,2.5401080198444816,0.2819539610161579,1.8466516600309064,4.646225897162042,3.829204245394813,3.370953067947644,2.157817195981613,0.1459609038106405,-4.846743343302002
2.975178356275377,0.4010930209843384,2.4315827636610634,-1.4355704013965438,2.6834859396215114,0.9489196895102419,1.9656031256648099,3.840091602310115,1.426810878813851,0.29965706888835847,13.059947203161766
-0.41186589069757173,0.8494453216966638,2.076079964611136,-1.1128364746836388,2.5419993807962777,3.7080091910271626,0.9932749224059039,-1.5064284955242995,-0.32342231685401424,0.8422090083296702,2.070052254909786
1.2201912895639282,3.153173002109792,1.522087087041732,-1.049697450199075,2.240351012719243,1.5729011338010745,2.392120042980506,-2.3225551691707205,2.6437236315774237,0.2290879532025209,8.681381941223128
-1.2703847634339107,1.189394937481826,3.212422810407395,-2.742012031585735,3.4941981589718223,1.9285903328262304,3.3873041480187633,-2.678781102274055,0.7115127470785634,0.7723424919871059,3.779369366223062
0.8494914195638947,1.5861539287714361,2.3960526290941964,-2.1226764231789295,0.20109997382786182,2.891316892195326,0.34012454790662644,1.0247077201262744,2.9859081735906225,0.39158679548702663,8.414582186291517
-3.9229486550559516,0.4890887467514555,2.2852310090514045,-0.27481831038497795,1.3123459466659095,3.8695276336160447,3.0165379029211126,1.4477335854112026,1.2919257735489134,0.5203182150074109,-8.269861916208106
-1.0746207474013356,0.1371209393577617,2.164176866454064,1.1909629136709974,0.4765837049991031,5.6163668262956215,3.780579639522204,-3.2973000463148274,1.557488820808313,0.8100618292477512,-3.8308263562090077
-0.6377755167492037,0.9747465152064874,3.1272612388133147,-0.9857102934246744,-0.535295437238859,0.8830781379079107,2.2135004454907374,2.5685727738610735,0.4936651769812167,0.5550922851679677,1.6344426665875205
0.1476522756272607,3.754318605337447,2.9406754061896923,-1.1998832024842452,0.7065106577301316,-0.27378346250547225,4.296267718618271,2.264532251544786,2.54765113555999,0.20129461061691978,6.110930740797853
1.000834547241551,0.6838295356166435,2.0163802678945233,0.4030969211831028,3.747057333868585,2.001543458708226,3.748903405709713,1.0277914656463105,1.6692772727229692,0.33289391804264523,6.042124347672855
-2.0318000902824416,1.3975815837013048,3.0822714825217674,-2.556476816718723,1.2918399630987425,2.82701199172371,2.5763849712564384,-0.5151001642429325,2.587180861766084,0.5383040377058068,1.462828766971966
0.42395546448828547,0.08876163340040588,2.4274647905393665,-1.2154980534973814,3.8802188560002713,0.596025228274562,1.154207295741664,-2.7707416929920328,1.1952953184017439,0.772418753308901,5.576722662504611
1.217333767291438,-2.0307992422419257,2.1947289060063864,-2.251182582818037,4.002992596131845,5.233470417753264,0.33493390416266333,0.04473816745509662,0.9482574748186204,0.27480753816520204,9.871683362303358
2.78427621585596,0.13118553487517837,2.3531938066012246,0.4098774059674888,5.0941564364352985,4.591929111156899,3.1259545332925733,-2.726645635668125,1.654643179188692,0.7306556701378835,10.482776035470652
0.48927917737254734,3.618780480089138,2.1083513747425515,-2.8258159105035356,3.786591622917967,2.455647394095357,0.7691879172758229,0.8398302807114684,2.586794560000329,0.3183145102208734,8.911384281910834
-1.1433083740737109,1.6549293241972427,1.839561448625605,-0.8130630823853426,4.329758238400569,2.150447531249121,2.521650473959531,-1.5202821574154468,2.1184077379630892,0.41389259303244563,-0.14252684895146966
-2.2804705199515656,2.805016621158797,2.8880654827542944,0.07709234255445097,1.8902010492668688,-0.7148112030677126,3.9169956083704593,-2.0215499015696254,1.1520461878697,0.4594427257986077,-4.608860767915472
2.0608832170113223,0.6175055415748265,2.389647570484266,1.5020526572694415,1.7739938804240079,2.7582281294339346,1.2214758428928671,-0.47158896036024345,-1.0429403583906902,0.5332029336272437,5.3386186995696345
0.5322787098301185,-1.5925142141323274,2.8086047668226355,0.8473076585566295,1.8538072334584206,3.1702296679672113,0.56475189439662,0.6457024020693174,1.891424643308456,0.4886425257351913,1.2112197555230706
-0.5307658842123353,-0.21957990380869008,2.643606665564773,2.1571787260831767,1.5000746455324367,5.241422470167149,0.9905090095299216,-1.0602874754289644,-0.5825752771993911,0.08787106656271602,-4.8252548803443664
-2.7677456119105455,1.4367272371485855,2.77427055567662,0.5792704435176717,1.6795957622010516,2.5076864602253752,2.565064114537911,3.7088272091063015,1.038506331767572,0.449463250263982,-7.230710459958572
-1.8036575312572738,1.2613752470300958,1.4770065972964566,-1.4048621905989211,2.4026190781841015,0.10164195874690485,0.9176346554778823,-3.952818912599758,0.8726571938923674,0.5442121246862418,-1.874195612089286
0.3838484042835111,0.988533823763948,2.0666198753214915,-2.1096567049134682,0.9410185736441538,0.2603983085634427,0.5504777664243936,3.3028881475814194,-0.5595453313721745,0.5485350880808281,6.9373230629994165
-0.004633766223739844,0.41672608632004926,2.784682377700924,-3.1605055780469584,-0.1531490853704527,0.11907192966401636,0.7884350018905615,-3.9945276041389004,1.4097533988612165,0.27125796376115885,7.585550058835014
-3.224864182553035,2.0336872554835685,1.862584652932016,-1.8344742997402006,1.9363425570870316,5.569744118388928,3.2030524073295124,-2.266304490692608,3.369749514228005,0.3616578546274562,-2.9378089622482593
0.3856575791025596,0.44851865859894213,2.6865325419061157,-2.678907866919795,0.6686341988102203,4.553724801522851,1.0044889044869432,3.9708097988364974,0.6561339157020883,0.38027667387232744,8.22916027632197
-2.695811027507944,1.33859855717897,1.8046477099907126,-1.2846513335499088,0.7928718030343936,4.773362884240376,1.3921377273325113,1.8247630057095154,1.8424676286544428,0.5124150569600726,-3.510212957849274
1.3956126960431636,1.214860981535864,2.508221991747347,0.7154688355156331,1.3286961236229942,4.883034631673178,0.9376950272141034,1.1559869737120678,3.59125882261632,0.46840971982343677,4.801960260607073
-0.2080217191330601,0.5946473123015663,3.3049951969680285,0.6522041452788754,1.0534281365593503,-0.33055750187052313,2.5355645084498644,1.808743046843177,1.948874540909761,0.8245630323655607,0.3241147417076642
-1.14879002824902,0.03057434385648017,2.8873000576658123,-1.591001423816348,2.832050991020031,3.915237993271284,2.4268591954712537,-0.7336305038450046,0.2906723615764988,0.6849077356252653,1.3873548507307798
0.8862160747549417,0.5299369046047427,1.5746295262796328,-0.4486857763034724,1.2999101525719876,3.930356987654176,0.5912462864646433,2.2736778506103406,1.2607162757350232,0.13004766385445024,5.161412423742459
-0.005100996175901429,3.060983960967522,2.924185702158092,-2.1993705811892053,2.8925395654520605,0.5737519555152146,0.8732316624629983,-2.7610557366537636,1.5288582014202468,0.19867412618673128,5.707875201773289
1.3548986519070259,2.2236926495927962,3.4111191133647916,-0.48213968879589064,1.7472194987305842,2.4346603916746616,0.33040674095747913,2.351139099164784,2.577194446601358,0.2545195690528118,6.263022554435227
-0.38733414125460575,2.122427604410176,3.8985080050808696,-0.4395087426193154,1.3937651976771954,3.637016188829393,2.0425907827997642,3.516213439288758,2.335455374701894,0.6134935362363246,1.566090972346921
-0.3056528870320008,0.13488992254770338,2.7375378687343446,-1.6922189664895888,1.689864583544153,5.281355058388414,3.8168621990710823,2.861494804052465,-2.046871980333025,0.5813314775047888,4.818740816490806
-0.8993506056370724,-0.5814582002635786,1.8177900380573226,-1.9431932225564619,-0.04995583682488047,-0.22702142349011523,3.315416569199488,1.9172876264271457,0.058174992584205665,0.40744339037961774,3.606560287303916
-0.13184600012597136,2.206143637334483,2.7173389890122146,2.3774467838900915,1.905692627364835,5.245352078046445,2.0392713335666537,1.2110185052934161,0.9229706051250384,0.5969782257959932,-3.162669815314841
1.877131231704955,1.995243986494939,3.2980167991707323,-0.2772589334074782,2.5190271555779526,5.456904766156875,1.9159817823976937,0.1687373225730191,-0.11681576879146482,0.442939439126959,8.797556905771204
-1.2038698380854616,1.1509738743508076,2.406455910124848,-0.12754021053610387,2.68902051221547,5.465268843768332,7.659055390668131,-0.8382137637104954,-3.0701007149997066,0.5714180143835201,0.3167273895227687
0.4071372090628901,0.5924061236581931,3.021554461441279,-3.453235457791629,-0.12260890245344136,-0.966155755263752,0.4547028058001832,2.925228726878716,0.20181966347425473,0.6022578391948064,9.157521645978646
-1.7326210162111313,-0.6103391196585348,2.080198500561156,-2.408955310187299,-0.32277624269157146,0.5469914092837318,0.8470286107869138,1.1796685971846141,0.9960283317635721,0.35747326732573925,0.2668241170056204
-3.393424964749829,1.9541404888163525,2.6861766265634253,-1.3602682290798631,0.8558177699029961,3.838716652177599,3.1544551307499753,-0.52079748868241,0.42218684890741676,0.6020178196389748,-4.576264352314264
-0.2095577634818468,2.3047486264625006,1.2552102424149363,2.2958844551126116,3.1615948295914533,1.2521784669179432,2.851265637830668,2.2783337449148657,-0.09663758058397476,0.344473876904832,-2.567049988738987
0.018567592857192228,0.25299832865968586,2.024832309081641,-2.4485495942776545,1.765170472296295,-0.5724169593889605,1.7117473702421648,-3.567169967693215,1.0456110872633118,0.6910162525126641,7.397590007669888
-0.6540717772194777,0.16114043918641463,2.496939676359072,-1.680261732038794,0.5703657123021573,4.3405945638448955,1.0631129465549367,2.5049540074637227,1.3773969927773435,0.2541464698171331,2.054276469908916
-2.5943789590811304,2.3651681175096835,2.3183216347117823,2.440941962709875,-0.24352736031645605,-0.7998546527443923,2.228978675444976,2.4856173819556817,0.4845431746379809,0.5275059967654456,-11.173191817397388
-0.07397849550173019,0.2939490908171699,1.8496912528621268,-0.6133481459846233,0.6792128346556607,2.1221492955250074,2.5214143251078256,-2.171764693421438,2.508918204721039,0.29350162054394613,3.3412979727755117
-0.12716091220477582,2.956966228642021,2.250171900957522,-1.5895533471786412,0.5981386457843066,5.633032635288424,1.0500722513819516,-3.6986272807048275,1.0634858574674237,0.2732917191986064,4.104365316422409
-1.7442928835296028,0.880043066347719,2.6648275242339983,0.30615352292092046,2.6227412623743076,2.0816297845485936,2.4144206235685686,1.709663644238372,0.041334963401631564,0.32008550976742994,-4.301020143973454
-2.394888200062228,0.5747821224466854,2.4568862064448904,-0.5221862929013366,2.715053099264453,5.383210997819646,1.7611550296891754,-2.4010269725622715,-0.23699105458481773,0.24751068995243455,-4.5051311195519235
-0.8533430987883541,1.0496188013347363,2.5304687849354344,2.244694549848748,0.24011775337087649,1.8630297215045433,1.9768913682749376,3.9681743257685262,0.7657332164154721,0.4328663103353795,-5.579697503011873
0.41410094548887577,0.5747050921995783,2.8659844015428693,-3.0008297120477287,2.4037992738979197,1.4268027637137166,1.1946092406223092,-3.926540438058698,2.2247627188912005,0.270649081417475,8.932998326515149
0.08331662450878696,2.2388336249824503,2.3284186496333765,1.243287523105968,2.2809082784105135,-0.2483203818068359,2.8202188631182414,-2.1616641500080744,0.09394241994255292,0.39780879304146516,0.4089611896556028
-1.7331717969677092,1.9743911535329257,3.1795889415259575,-1.82548172922209,0.08438302228448191,1.5066363631903945,1.8501877550666679,-3.6635008218200182,1.6554674323963714,0.6432660921672854,-0.3844119007964414
-0.3083048809691896,2.196916922025915,2.0053644669492936,1.34001598594139,1.3994175614065179,1.358905430152645,0.6775392159926436,2.261245883601756,1.104012601015744,0.33298239144788927,-2.7600136784445386
0.7419769676657937,1.202971714763469,3.4640012765297596,1.5863220434971979,1.9089839857889004,4.925858301838895,1.4259740457988062,0.6295639373911461,3.192556266455145,0.2658949218237164,1.0519866420843136
-2.1417319929735408,0.4980100518608006,3.0565193152471313,1.5953371481403913,1.6958825024608308,5.439406219511903,1.0677276100251585,2.7874762763673138,1.4292766100266265,0.19400296907005748,-8.903732018950636
-0.41158248473952846,0.9900295918294938,2.322001109743889,1.7001741933305325,-0.5526492921702677,-0.8464893997266908,0.3004483489799759,3.7009069653834192,0.23195113663155464,0.28872923346036455,-4.341016224504131
1.375497372239222,0.5317335292726986,2.35534064788446,0.8087650406985443,1.6574189454199424,-0.31220512617099483,2.919463224539973,0.8809188830032344,1.810006481641155,0.45042593560243016,6.162111485478237
-2.2849050174114574,2.613256164501256,2.603367795805868,-2.6455751197108386,2.2635178697180116,3.5025992696312827,0.8421815076699122,-2.1459719710559044,1.847024189985567,0.1761651505559129,-0.3697283507292209
1.1177368074693126,2.1025010961784614,2.7993354649359885,-3.1885844390073386,3.395513002641028,2.3932002166334607,1.0153381047456762,-3.2588044736191195,0.5632878864746039,0.7257922179831285,11.848125062573247
1.766862433251339,0.8993246264570691,3.0472741376167285,-1.4554085373148533,0.6974505598234219,1.0781504453296717,0.5446271159888105,2.9300883598360024,-0.2803952747630112,0.7758040441790449,9.929261693753547
-0.811087735239241,-0.019122452448397942,1.8297043759924585,-0.5295808483335351,0.8454562121653296,0.819349418014296,1.0985695867896725,-2.039093959851222,1.5896387103492278,0.2682843806478834,-0.9354737429324458
-0.9802120666227929,2.6949236570241992,2.7187213110306234,-1.6842745955626843,1.2493598809528677,0.5727221266303388,1.512383901936142,3.1481457975846183,1.069866694441502,0.44204649585274486,1.1510100415593092
0.946332186627383,1.150352549098731,1.4417428737686424,0.9532416035535762,1.8494591055802672,2.6781560848069597,1.9384923906275213,3.0263007969141995,-0.668205100911309,0.2846791648885712,3.6767084148454736
-0.7605825250413267,0.8568157937835923,2.411349757082258,0.8346608666075479,1.6164213211474263,-0.8776404445898796,1.945785718252,1.0224736981620817,1.2799730988896743,0.5004635762498143,-2.4147167981559927
-3.794377380973129,2.7046179916908537,3.226956251893729,2.3315470066824666,2.2251695855605087,4.172190635282706,2.1900849873887003,0.8319665646012782,0.299307812176673,0.5194033508113065,-13.640687725728482
-0.6383124325654113,0.4390563052841253,1.7911954838907507,-1.096561457003543,0.14977614934182948,1.1027160552351174,0.6656794205456509,3.606611748215104,-0.6671622460487292,0.26821023316594117,0.8043213814890253
0.15856555547238782,0.6491804085375117,1.7003811069841688,1.2143659648585805,1.9762244271558589,1.9878201586489936,2.2403503676531145,2.0481208142795895,0.6126720222728679,0.32066667835139745,0.3805155239226029
0.5361173950154552,0.746165156786659,2.610397549773988,0.9471998244418414,0.6093415437292152,2.68936538489441,2.860401814954904,1.466254169444591,2.4112106076275497,0.6058898017951705,2.639388782416991
-1.7328808306526917,-0.4482260888060252,3.193714582086301,2.4324971034537617,1.3279993175333058,0.47951721909354283,1.0089061836140099,-0.5140739838521746,2.3288676500968633,0.8460339190801084,-9.328412634843875
-0.8777215672616518,1.347308901968543,2.662697725542661,1.1416915072561888,3.549616352707447,5.185918531965915,1.2437681975011798,-0.12801243410493068,2.0414273122081044,0.3824035449682046,-3.770895704983176
0.8676701698132192,0.16142078085370393,1.5476910515592244,-1.798552815787627,-0.17789137051921022,3.774652786247871,3.6637876768791346,-0.8886312133466525,1.2961561791013356,0.30443007734649496,9.50767927231945
-0.5839980699786724,0.372206094457765,1.658435793476863,-3.4083656052335964,1.1646390378727554,5.092074394487664,2.7086812939868303,3.5705681628794395,1.6553769236906093,0.7171613947724361,7.141197023385899
-2.640233191545279,0.22512097265816955,2.5488732164647097,2.308996926872667,-0.029574926772749643,2.3281542368496426,7.703470245361433,1.10495370554617,1.1085090396258017,0.5665783359757931,-8.799280633319926
1.232693213468526,0.3542227763656619,1.9103787903521163,0.7964142630684821,1.6836815694621272,2.0272232059258677,2.9720749126845067,2.2429087017902223,-0.21555590883591558,0.41128257482092423,5.628064431726912
-0.7997554313281432,0.07719408958260399,2.568343146952828,1.3756397676150893,2.757879498468021,0.6599979795639914,0.3274114963742868,-3.7024021193395953,0.003947911262321857,0.17112957234337653,-4.550560789299087
1.027706288053932,1.2719355953819687,2.5979975566334694,1.2594649265725142,1.7035861426131236,2.813882528452215,0.5925806478343678,2.819410417134743,0.33210098188652526,0.3748973473070285,2.5002514594290575
-2.453639374213169,0.8288475982657141,2.2551212446711446,0.914566539959015,1.3599409759972043,3.152145013225346,2.7452350149094724,-0.6588936204433553,2.5414949842999626,0.44566249989829954,-6.867377809098613
-0.669381446624719,1.0528089520289274,3.4073771469744063,1.0088468115050517,3.0940827948624623,1.9394636392928608,0.4612373993978619,1.897282998529307,2.184359804232489,0.6284296615200285,-3.868159374211448
0.21363043314812868,3.5891668841085447,2.795233602467146,2.0767491086432113,1.8966029217265734,0.01767792218847264,0.5396727578497312,-3.679797481433795,-0.18786531965950792,0.3495722236445492,-2.3616368768632294
-0.6220028061013829,0.8288827007908828,3.105795439397088,1.9846676915708423,2.4834792675741726,0.911731236069222,1.031971696224897,3.150985466287719,1.0587302269578196,0.5064977484954737,-5.412877766415695
-2.15620868324939,1.6654423844600033,2.960290879135811,-1.2246395249601023,2.3583088642141616,-0.9002394333784327,2.3365365245623293,1.2787647167935559,0.5571321429719996,0.47268751035068635,-2.113403520191908
-3.8415246295809204,1.7906245592695769,2.424963219025066,-3.3142308582029125,-1.9514884849881131,1.233971374725399,2.6328811830729,-0.3399936730293822,0.8293894067692481,0.17005939067372422,-0.9566224582066308
1.6325711813047037,0.9308577131992988,2.402776374330326,-3.2679104390236,1.4079974332548617,3.065312836369447,1.0880359294671396,-1.5715352079190703,0.41035289915255035,0.5732623388193071,12.87239731423847
-0.15274651733814493,1.301179044699542,2.3511899815856148,-0.8201698128591879,0.2063106373423771,5.689977684859036,1.0705444742134758,-1.5118068604102577,2.546260785086906,0.31023803022904173,2.6536569859714674
1.1335214739075932,1.0227680092886682,2.840551126250122,1.5098771794024435,0.5048197270117658,0.24527757472599987,0.3400284111776597,-1.5728150041888052,0.9792028094390011,0.26379496470670216,2.2505112198909067
0.8001367391046288,1.2228142352826261,2.174817411314068,1.5856673596931312,3.2695033287903517,-0.6117482863076422,3.0889251823989543,-2.9517931780387823,1.2377724850614007,0.41272404871915075,2.6822909503649472
0.3355855565674106,0.3548315317170492,3.362516471017284,-1.0736625126204533,1.0502333456128894,1.0741790151002348,0.4983364488424268,-0.2895236957673841,1.2466840267466555,0.4471698662112416,4.18464923820891
-0.949872297205895,0.45636755946219376,2.1270653481638035,-1.6903302479121964,3.7710818349672093,0.09758388718022193,1.9211245908366639,-0.37210916692745144,-0.13054719245712199,0.4927444238781559,2.1917898533118314
0.1856736958947799,1.0186144786113838,2.607237536148514,-0.4603913334107248,-0.1892261043250265,3.8686329782583933,0.995725152241699,-0.7045067256794608,1.1194090676245803,0.4460950115866688,3.1349054277739765
1.5055517249190142,-1.169094008236093,2.385459593977026,1.4952592412196255,0.1995950636671584,-0.9597558483133406,3.6763460656730875,1.624753899876949,2.1685485039655257,0.4192857973286993,5.4596162118151685
-0.3837847004167401,2.645680068741857,2.2746033428067367,0.3189767180630083,2.4148207931423644,5.866069645910157,0.7205689825507373,-0.64148109857266,2.6199600840287767,0.6758938653411903,-0.8813856398229571
2.162381462158866,3.3769438197990427,3.5861734262318063,-2.661165118042791,1.0903541762897897,4.989666726836456,3.3046770502467036,-3.287970265331035,-0.26259646449138696,0.6402754711430253,14.89668556091752
-2.5991906410535983,1.1873852859171858,2.2804728292937684,-1.3265963380486534,1.8687928039212596,2.4346941445276506,0.8864615673003022,2.8164769785095043,-0.6704613611276018,0.2981067560460711,-3.505377974145094
-2.7496720557674257,1.7320160949761054,2.347639409503787,-0.16744450885077233,1.3652318083562998,5.4465955386483484,3.606533224703188,-0.5991930788218722,1.068348038045674,0.21826499878313563,-5.186830147741011
0.8833053003271514,2.189163437055546,2.167933200772055,-0.27042541227696804,1.3289085144407908,3.3964153286009395,1.3093345264452536,1.242285234287439,2.2201063333085376,0.583158023605041,5.626889338206621
-1.6462401111292295,-0.457136713536096,2.5205203078444613,1.4838041205322448,1.1349167175215085,5.956354136824186,1.0377664919832743,3.4391708375222896,1.3955560997120566,0.26512032727283164,-6.96501640950778
2.3606716886002905,2.0211057398128656,2.449346816328653,2.0930305830439417,1.7153920324892842,0.9481434098662715,0.32983399118894474,2.1393208229264387,1.7483256836877858,0.22804899018912322,4.385796341715188
1.372277919726121,0.5309162261223523,1.9403734346478476,-2.8972214349484653,2.2699659450334835,5.978342998322595,0.8708332667739846,0.3103909694256304,-0.4962739229971749,0.40385026065367197,11.629412506485059
1.7226001094612582,3.519796652798529,2.287815067826172,-2.1535544579246704,3.4373065811669714,0.2617310448545056,0.4942721021040535,0.36017805740632713,0.3708137673030061,0.6629376976545484,11.27136108675207
0.7382108277717507,0.7929144730014358,2.804843271391981,-1.1470585361634704,1.2569849575886187,1.473928573473282,2.276706809090473,2.796248296731254,-1.4157235363721923,0.42465147768730416,7.668993761404412
-1.790217073138412,1.9990004454888264,3.013493424710977,-1.7216115112938328,1.0276340452369492,5.547268562380662,2.0717689287900565,2.5890583447264506,0.8432631458294457,0.38269382441285266,-0.029416427050284022
-2.8230782401892687,0.8037457766038536,2.51200030648274,-1.0502570302493428,0.8730461322490414,1.5937959967760293,1.3553263816661556,-2.5707781429806094,-1.3806413849275994,0.695589845436522,-4.324407487703716
1.5934125368646308,3.4163620319634918,2.529497395326605,-3.2556726283086084,3.2637406260389987,0.468854639489066,0.750038480334873,1.012008652147495,2.4659278720245252,0.58353441054136,12.532026513676714
-2.59939548841688,0.43641476125720413,2.319502464117362,-3.1039203790231102,2.3283898765365816,-0.5835902616873963,0.6821481847321842,2.9257252674808907,2.7103036146998285,0.4319166827852856,-0.3298238274566878
1.7188399628185285,2.2815976660601285,2.2487791490210585,1.5301688676224465,-0.7788401117258044,0.042707468054748565,8.013884319145202,2.426459416072503,1.1547078412679423,0.29433356154759693,7.087265072495152
0.4374606643210973,1.689345670697141,2.0402134850588487,-2.884509295328678,-0.8317448433556582,1.4865640822483006,3.353672556929815,-3.0022718695016577,-0.6638304184457235,0.17867604385166433,10.14675934602178
-0.6067537153481425,1.4447409578305765,1.7216752728805242,1.4444506719684966,0.5039305446022976,1.9486243672809622,2.6223746399716887,-0.5144574213065853,1.4132839193044944,0.47625211325742406,-2.3970304593208835
0.11886675806943547,1.2519081411492499,2.1487766629467315,-1.6609279891817896,1.7761745328652496,2.7971579409416774,0.930760975178202,0.145864836875222,3.045045814307036,0.265701368833168,4.949893647579555
0.15140730962873938,0.2662862305334507,2.9520264336702566,-1.6446597806668652,1.4598358329375714,4.695115961690265,0.8599015037446338,-1.9375235635773063,1.52330904965562,0.43014962180015043,5.81522776972778
-0.7833745440219122,-1.8446619414774852,2.2877915286514114,-2.8955178312391574,2.117734262212417,-0.906096051271311,1.1083284322410458,1.4359950844033191,2.3034823895400125,0.5587195900181781,4.430734726869992
1.4959621288870393,2.1818313193077765,2.326990658152979,-3.420419711099008,1.289467869380064,4.8878129186140375,5.270396910976951,-0.19018805950936635,0.46631815713415814,0.37304726413583517,15.122526615858542
1.4479612048393475,0.46227697862128714,2.3172574001426764,-1.3682683493276886,3.176902525654731,3.0407454011617645,1.7502006666197778,-1.619930330776275,0.04166894738327798,0.7334292240506962,9.976895857757295
-0.28207697745068255,2.2865601580502326,3.122353832916367,1.5121414377638995,2.4265336545288188,4.295346407991514,0.9789085918662843,-1.3050837949270964,0.9220517899210857,0.44515349816417105,-2.4209313957259653
-1.3399921413804263,1.3868675447072314,2.035808714734331,2.019732787228371,1.5930919285388232,4.29885454495267,0.3997302392449519,2.8533468400531685,-1.119375890434803,0.6817764923396622,-7.880167672191465
1.3283356621660076,2.320282459122133,2.638526669194997,-3.1304866632180226,2.874407316640926,5.322418755150999,3.1988116200214907,2.929598443874042,3.4904974174453396,0.5431043909254658,13.323680448059193
-3.331584532194347,1.882081772120421,2.465766933214918,-3.3145516171663476,-0.478687469178265,-0.34633853815956284,2.370507451767253,2.4990052593027015,1.1536150511285423,0.6371804009287411,0.02114923698682311
0.12144964981585193,-1.7111646985271212,2.533963412547384,-2.5471962792179994,1.3979103448017314,3.0006070184948337,2.1511989813391983,3.3109505694634924,1.9534502498037083,0.3954232593856492,7.491487264668765
0.5354051514924902,1.6763851778727967,2.6221752035582253,1.0977388521141753,1.6650147673535822,5.363206698763745,1.1474050849195931,3.6184520694516706,0.4923406187641727,0.7544022415132439,1.291955677568536
-1.6596925686892172,0.6219569658240673,2.528582470134035,-2.2707034038591516,2.222443799943011,4.0344441982675345,1.2045261230513629,-0.0653767137607284,-0.6973950068441166,0.688364998475477,0.5991508480915178
0.8632996824127053,2.281512305994994,2.8965109433254597,-2.1151377536332046,-0.5581992033943446,-0.3239056195242346,1.4029849891025319,-3.226371021202663,2.5683963137489636,0.7771434882861192,8.951158795068126
-0.5369402058432773,1.65032824465048,2.4853713360185354,1.833656187347736,1.1875117117506222,3.2977501761582984,3.5561794206781987,2.40056805847831,-0.23651030940429507,0.629420678056424,-2.68100919451005
-1.263980170728765,1.6632659417621678,3.3721881967128486,1.7496942325512084,1.9805529556212893,4.599166364406612,0.34512770269127224,1.0674554272530274,1.3837226399261662,0.25570682827195546,-7.452251243161278
0.848512675529141,0.7005329247209245,2.522239969483423,0.5217353165210126,2.072594551676803,0.9240325041398916,0.6121178376370222,-0.955862478163187,1.487393292451398,0.5792322198345496,3.285558874396998
-2.019958200176849,-0.0038668113185706954,1.648266558699865,-2.515917317111126,2.9233558097450416,3.427452645116997,3.9041768362802562,3.8042652209910974,1.0813464340467718,0.3020266878968059,1.3335552297992168
0.716870671189431,0.5238243451324218,2.819155179071866,-1.2131048620905691,2.4138063988880942,4.882885549759009,0.9795765005982333,-1.2905183783709084,0.1369573401995815,0.2800826825459194,6.844815506201325
-3.2752846993469578,-0.9798814876840436,2.696048402629891,-2.0829355630453685,1.4269847407535508,2.6670686913570822,0.8069346431239308,3.2610718293288157,0.8354045392711458,0.591728983328472,-3.7819281142592707
-0.10001377457632477,0.35062189199868987,2.5162725158809622,0.5310734910587724,2.3099684987385056,0.35931040591797947,1.5037643128364968,0.7406755844691366,-0.04505590864661846,0.40852827369601985,0.6722450716887037
-0.438618461301108,-0.6105750094933755,2.3702143421894277,1.1795863250837666,1.258363637334441,2.8477748548172093,0.4315276708298589,-3.7068641273929224,1.8900954618148316,0.30058614047716253,-2.819582286422893
-1.2555740736120646,-0.581514884133592,1.442690466770107,-2.6471976678946665,1.6761287433154233,3.1160275320846393,1.442570655153239,2.882680864641184,1.6287016202480356,0.16688981324557006,2.598327476812363
0.04547481504461548,1.1281267319488304,1.5265779688671623,1.887734997442113,2.453762820176835,1.8199694056384184,1.7217307508516742,2.0976958020424075,0.9764573235923131,0.42927254842372353,-1.6191141550455619
-0.6113981811149029,1.5874538334543569,3.3237596102487403,-0.7230445568969799,1.445639048174349,3.7573163716931806,1.581160363208666,1.1399003706351367,0.3748133811354665,0.6389890076321584,0.903355061703981
0.9765738782277653,0.9650271718072626,2.2072486984503064,1.27003512696969,1.934387615438205,2.03333026281876,0.8122637868898477,0.9166971206157726,3.3180496897602185,0.11168506614853367,2.6433605520906522
0.2842113843248091,0.45133045292775786,2.982810213776104,-3.190174348748226,2.6535705231804148,5.141835613581318,1.807312278029483,-2.2493160587527763,-0.43227038476866975,0.21714005619016052,9.401627246689843
0.1337719260240936,-0.0421489784628184,1.6984833633797691,-1.336512877883374,2.3545978328868635,4.541378272585273,3.4283866889180583,-2.284110966405242,-0.6990744065469265,0.37407518632210635,5.8557123709721735
-0.09139431501571349,0.6510877083988181,1.9765708523158672,-3.4113143138160487,2.9801662270576434,4.63340306094405,5.062876477556834,-3.7666205728256577,0.9097934213091746,0.5098078392564807,9.870413114404453
-1.1610330391658588,0.09555465464947954,2.839320473440858,0.810908388613897,4.294137957543493,2.682536936912998,0.30594366472983714,-2.766900295570472,0.7161479407720028,0.43976308545203774,-5.483614493177837
-0.9225249699659761,0.9308861836665576,2.4487494821506837,-3.023294178612889,2.3435133280283322,0.374434744134694,2.0552466493941677,-1.3081498856279774,2.20734070022982,0.28182694923006635,4.870433827832654
-0.1524978236907551,-0.6736849514867964,2.7688335859946895,-1.470285253841333,0.9464489383142944,4.070952733758321,3.2649904291174745,0.3257991707346397,1.7107281004413395,0.2503027348850382,5.233513874274603
-0.7427032819499904,1.7714493360263008,2.4931837170350963,1.19049208383284,2.114187657383761,-0.517550538943979,0.4539115230737355,-2.953531540018224,1.0324781456802437,0.3914667614573653,-4.1914574477345665
1.056033962606194,0.37626576571673853,2.396164017996696,0.9937988705974838,2.062582099788501,2.6230245530709104,2.5252016088623193,0.46057744218694374,1.5503715611014206,0.5718559483001172,4.588489591633194
-0.3691697346387459,1.4138825903105723,2.159978085912555,0.3417377222370561,2.2362128322124577,-0.6291464296293781,4.1530832958015536,-1.8934390303056379,1.5303823230746243,0.5596984983512588,0.8492362647408321
0.026353250955183594,1.9759441951943113,1.9029986720349996,0.6641238330483334,3.294019496684846,2.698930811499082,0.7869020158085219,-1.9683110004611049,3.313912392200146,0.6505796004391359,-0.009335420922779697
-2.463757507453785,1.3606579701241002,3.2013506448662494,0.4073879506214366,-0.5209338107808077,3.8014551839023367,2.645769748870439,3.5835536592510353,1.278699729544978,0.6610613099310437,-6.430247605408022
0.8205223808845283,1.8790394685578908,3.283654553064941,0.34765575404098215,3.3166055895956807,1.9343877249350894,6.480956367828414,3.938756350707738,0.2508151540525564,0.7190523485923491,6.125680532000527
-1.313643031144081,-1.2733031891394786,1.980648522627908,-1.4020721597516017,3.7205002416697353,1.918322165880244,0.9701305698881342,2.4915087728074194,1.2183512098110318,0.365159675886113,0.13052840276953925
-1.9597150152153993,0.45785766992572496,1.9479604489965259,-3.3310057755388662,2.1816847959242573,-0.1404430480808776,0.4334181480125593,-3.5648641541327866,-1.8805473545972657,0.40883655484218034,1.4986427843463632
1.8046604127575998,2.2133843334679923,2.326113428788954,-0.8490449011053203,2.2105620974677596,1.112947237088517,1.4939470373878938,1.8290536843498275,0.9640877044376015,0.5350539236409491,9.454790954014278
0.4766701314056281,1.5601524921478438,2.670217507431576,-3.2272420904579318,1.2100262312886014,2.109916044095046,3.1599698892063994,-2.5725941456134587,2.202280718216587,0.381493199211315,10.622999664158762
0.8679340064484853,3.033309592106609,2.4090908960216653,-0.6867956292581487,1.507588787780046,5.044934970411582,0.4867621554803051,0.5537705097671237,1.662402530757464,0.6280987712771323,5.247406069777142
0.1362946560702446,2.8748185279637193,2.7497600326238607,-0.7155261396214603,2.3375425909777823,5.285859316373535,3.049365340440562,3.149709033672706,1.3284116480102421,0.6585055176795591,4.3663170317993245
-0.6304111142651955,1.3295513478957004,2.475375526194317,-2.4276707764170844,2.260262871324389,5.675060714053098,6.142426960063052,-0.9584349460468262,1.7141630711275435,0.6539063607122096,6.436659416265916
-0.8914456112787686,0.7228235192267125,2.442684429275383,1.2055697822151163,2.364851676004065,-0.2981541201132374,8.085995331673695,3.430733480537863,2.2135821993654883,0.445757635739982,-1.6452474178089034
0.590754259639338,-0.054282584373688714,3.7065393683849344,0.725256051462587,2.25200228592394,1.0734756788822133,4.309840791206278,1.6669777387145013,2.567756748028007,0.7310279407514866,3.7016942011254472
1.08552665913361,0.47661057791122785,2.2373983742023467,-0.1427627557943345,2.578067968970844,2.2403904312734357,3.4948338292990884,-1.5919054931386611,1.4922014903184044,0.45861601591241624,6.870383991610375
-0.5954572470961842,0.5509284006616972,3.3199734464122734,2.055451480730124,2.443978403982777,3.492206770730366,0.6270827570009561,-3.2406624089644804,0.6522774220360394,0.1514083580234089,-5.095602100893089
2.401560010581122,0.3474258883801137,3.223431533840432,-1.776877320738735,0.27078160168784193,3.9195894271964544,2.340532325071379,2.5228102781468573,-1.5448741896157534,0.5783100757017511,13.203028611096824
-0.7762459695951334,-0.010171522515151077,2.7520467532923245,-1.927806671210039,2.498721652209456,4.5021140203324155,0.6841399297879462,-0.3355247320560375,2.0759907697085023,0.6820575833274161,2.0825247899780024
-2.451611822845961,1.4417342462742495,1.5369340817752373,-2.399385106685666,3.7303039396994726,2.471116670421077,2.0785534436635125,-3.4184520947202603,1.5667227649642936,0.2487611371669902,-0.5207019919849626
-2.9101318373915674,2.866303645956458,2.5155287451814807,-0.23336127330980094,1.4680478976535172,2.896089866388264,0.870272576389379,-3.175021142919584,1.1679254362673808,0.2072434796611711,-6.231306826573425
-2.8628855150310573,2.0265824450532848,2.2426526213022266,-2.267856903808517,3.299375937578973,5.7239948233608136,0.7047812184025449,3.73569105516384,0.2431433552863388,0.3977147476200503,-2.158072429867773
-1.0793365096014926,0.6453379359026443,2.5100453457202367,1.7133734704097083,0.39924564010609065,0.680197958527871,6.811082393278663,-2.0559843640354707,2.0616672036746113,0.45428190347788744,-3.2172386410086693
-0.8248252295578962,2.11543173236078,1.9685166038060589,-1.6741413770971765,1.4642848564674777,4.626318200189222,1.89504451328908,3.7327294228590358,0.7170399315890548,0.35705273259244397,1.9394551978791883
0.45563949275184823,1.3813159535227704,2.8781289745250263,-0.5544139385836373,0.73061021782817,3.9827262405021804,1.7563979240187766,1.4492766375832318,0.9621356778494177,0.37750085579247117,4.797662646428403
-0.5400512493552798,0.9552252139694731,2.9924925135555327,-0.32293541041902607,3.155065502908559,-0.01937114290325692,2.198412816244962,-1.5960711853706462,0.9384125519149323,0.44347699663419715,0.6495150893180451
0.6807194484878585,0.8865650017878552,3.085012151033471,-1.6541207153870092,3.4685718652906212,5.485441849026731,2.9020714765478437,-0.9301770060521699,1.494836889982048,0.2034361782180961,8.529983470537207
-0.43715003432804195,0.7800658482129097,2.308910641807733,0.9305177264181292,1.3809646558949253,4.987493092885139,0.8221971697142352,2.21630755286401,-0.26349521213314175,0.2796636365127876,-1.937783329055618
-0.48107000342238754,1.7161727350109972,1.9702874489766133,0.6524376174025388,2.905273827194221,4.4565325702770835,2.548997033528914,-0.5166801685968334,1.618807048098081,0.11052883227351558,-0.691193761075081
-1.308520823611826,1.1536370905040636,2.6758407082353926,1.064866169327468,3.4807519534840003,-0.11258491372508495,3.816620216224875,-3.4019937786857097,0.20702280751116997,0.5685610316720245,-4.205757570263851
1.4916238445569383,0.1987349226653109,3.3780371610743707,0.13552281874596428,1.4604973704459967,-0.022306282350046946,0.7600792976703141,-2.1614869634425045,0.24561592241092867,0.3226346072582305,6.154459282034171
-2.6440780152091925,0.14546267998961304,2.5346948173067667,-0.7389062464407337,1.6557019341563803,3.782389207390021,2.6069399863969083,2.8827597839777948,1.9737640523135243,0.6626812651657538,-3.9644905300368984
-0.07816559300056541,1.336494379409835,2.72614854305605,-0.8064974207449027,2.3803384435523807,-0.24910989374630887,1.3582173188636326,1.569393095825225,-0.0945313072051277,0.6077796865417356,3.2411060899210464
-0.7543106464489269,1.471516337251603,2.382538277059001,0.7992073697107926,0.48895442217565876,-0.20679075868019647,1.6035477976231904,0.008128889398129502,1.9717866411115124,0.5690790459608248,-2.546987727401516
0.594456436506301,0.6555540912515373,2.2482648970521186,-1.237788553666904,1.6321171142574729,1.8019562686787638,0.970962184989691,-2.0360346510750666,1.1115033971797956,0.5376690325375677,6.219295318487683
-0.5291611616181887,-0.24520618502086888,2.8291379693022494,-0.8764413133268842,4.071344527442326,-0.9623547785706471,1.0564163371382755,-0.20327507928002486,-0.8131044237570797,0.38335121719722737,1.3030421963079823
-0.4878988121377422,2.3760616287936456,2.4469666163305672,-2.517973284667794,0.8999837756996439,4.050383819711963,0.7631036395163042,2.3107924622201166,2.5009234368111497,0.49276558300708423,4.602252699372509
-0.8732954712335956,2.142465070479811,2.701761455764665,0.5777827379282803,2.5245914888478165,2.781448952223786,0.634271404323708,-3.3476544228626253,1.3412790999898436,0.2866924938534059,-3.082712923624385
1.4505589657847964,-1.1861141510708482,2.7537534286385137,-3.038451504591241,2.128565335364414,-0.45278095549744424,2.477492293243232,3.9581425498817744,1.433538452478857,0.7319906640000374,13.526510072108932
-0.4966317609155939,2.4735412156448833,2.673758419569454,2.443072965282891,1.3034809095564575,2.805079239236398,1.5155030392256528,2.8781003508714837,2.1079665416432354,0.30646390233840237,-4.999843692591705
2.2575116962588613,0.7701266229336847,2.77892765969387,-2.637574536982306,1.7659861114912703,-0.6213848898615043,0.3998285712919811,-1.4562737372141656,2.6491428190174284,0.7705673007971293,13.175621261021202
-0.1188540857214499,1.208985788029857,2.0734971336199544,-1.202129623289442,3.603143909447315,-0.5051272580123732,1.1023518187798254,2.9646137110577335,1.22112958583774,0.5362250719577031,3.503616576550677
-0.4695362228837421,2.2520453660578896,2.0429853218265843,-2.073316202610312,2.1643165758951612,2.398263331060178,1.9555485790275364,1.4537162392263703,1.679016054745675,0.37939788098083593,4.294165160442899
-0.7034577437962133,2.817792665291959,2.4786891966963718,-1.7560512440969507,2.3517823479135154,2.498762753609516,1.0292004340144312,1.3308354167946321,1.4083045236791687,0.4744547789665522,2.2278917286589204
0.28994565955924967,2.103151813550083,2.490719339869376,-1.5652805041756124,3.4210347555021077,1.3729634102524235,5.489069871237365,-2.8823218484461606,0.6228455226281523,0.22453051969295856,7.878857682849563
-1.3237507220700886,1.265133548845615,2.2388385866401856,0.8100198343262734,1.152707475602198,3.3524002081828215,3.26072357937144,3.2471571256411105,-0.7417799331846588,0.22347972425974144,-3.9092472407749868
-0.2959606413453484,-0.5132047549332983,2.620500148207338,-2.4395043610733067,0.24370210819458582,1.7115088185835372,4.309819397950608,-0.3972656246289983,1.2364142650146293,0.482428660185506,7.088856768301589
-0.4886081802490542,-1.2288550063832124,2.95410871541702,-1.9168607469239602,3.622016869908335,3.1087240530909117,2.790744687767373,2.425822066718532,2.516831613709012,0.21659872180943107,4.49814849501262
-0.044653221028734535,1.9659748329269542,3.093755937076743,-2.892763458377335,1.663826139142117,1.4484945617974399,1.5473576716663138,-1.6038096771247243,1.6416662596934224,0.3912031015742531,7.689538076667994
-0.009957543233543253,2.4762333803189245,3.206130936323578,-1.5112400077155397,2.5723210201788165,4.004768752612829,2.0976804411257306,-1.5359706751800166,-0.17416551007408598,0.32908501883062297,5.316342730150606
0.06279283225747823,0.10389065307814715,1.8425991684714074,2.1474504601631317,0.5852049772567676,3.0550028222169736,2.1974105914040925,3.7175134398552974,2.207273656209396,0.4009126078174662,-1.6102841269084245
-0.3671333553573912,0.7032420387873972,1.9185007131457872,-1.2193461038999764,1.966231566295398,0.12030482789559294,1.2202053830575157,-0.026720602692535955,0.6595831629580257,0.16804163674686023,2.5831606479317872
1.6965208892891233,0.3870075227759996,2.3551773032791767,1.1640298242791953,0.18368065816577128,3.803881986244039,0.9750355028337048,-3.520874292935982,-1.3012284597445052,0.3316321574557171,5.208980271514429
0.09159634265547734,0.35770991916209616,2.540143270503688,-0.729776371999435,1.5764878076737112,4.4875514577342095,0.7703811434296071,2.685653176256401,2.119694196700773,0.6479611894772559,3.312510380350434
3.148380803703059,2.182457302281162,2.3807909980715056,-0.8024018941278106,0.7224921777860644,-0.5388815243074215,3.591167403014782,-2.1821598212020907,-0.03991868650242414,0.5899485728544396,13.125469692329386
-0.4302080280077783,1.2402104460290067,2.223680334908725,1.4438256640204878,0.4468147981049382,3.2697241671042665,1.1122122877653682,3.030030022472201,2.958801210429701,0.5191607179004564,-2.5665972970107727
0.8424786094372445,0.7479038574647638,2.347790879901314,-3.339083278557353,1.1362527967608917,4.533007592091507,1.0025522330966141,3.3315190237905963,2.26255074065716,0.31395102888243415,11.773075187757918
-1.516468891724553,3.92327202256141,2.7416569112162517,1.6893189952568797,-1.2520687715618473,-0.19742971554977595,2.163428872506709,-3.417871894095975,0.749420798970524,0.7596352818762943,-6.409237272120983
1.4611049574358248,-0.5778629889083164,1.8351887766039838,-0.588749290398884,0.10811707466696041,5.3115669381452175,0.5692612450425395,0.6594338205950789,1.505295830329909,0.33560840520076596,7.650482984539101
-1.4859975114842574,1.6027021896453642,3.6716785862935515,-1.393236888895645,2.438896987512394,1.903591503769292,1.066798670587662,3.8521928446147706,3.666310422220614,0.5037203756054633,-0.6698949135783352
0.13822922513853297,-0.15387611368941445,2.5104967716921496,1.9410097057534053,1.9171996674572724,4.164878747691027,2.027793490124134,3.447356917166921,2.1000077416206837,0.5778724958741,-1.2775921098546588
-0.8701980821897768,0.8268194408063344,3.0254236971143627,-1.4608438893587872,0.21097566364487097,5.293348927804871,3.876553018797459,0.2019462884605332,1.2620200272630482,0.4477665679861006,2.6463825074456047
0.1328109159636356,1.1635022229089405,2.209997552517746,2.366184130517177,2.1574482833580797,5.927460056091982,0.313893116957894,1.4439455621538846,4.178069393626897,0.3876886581065597,-3.1202707465333788
-0.8287147316200861,1.9290552915986012,2.7871747962623843,2.118138995697729,0.44614431341773786,3.0874754482190285,2.8723181023038906,0.8340962812725969,1.1293391120521374,0.5993183332275199,-5.143686958282414
-1.6049540514897023,0.7126999153228754,2.550045536414288,-1.8924607266995481,2.3663566444961024,3.9299174995220794,0.8536706439140125,-2.3739732300823766,1.6399963007667202,0.343175090771678,-0.5422316806498717
-0.8802292057168984,0.5963570924234739,2.9284041969441468,-1.4563836810579112,1.361233111845809,0.7618977188219391,3.895045706995971,1.22398059617257,-0.029834507965185164,0.6107957450305374,2.538108437991854
1.6582121737983044,0.6930063924051413,2.400676541088124,1.3730052761023082,1.1098522195292075,1.0303246052977073,0.7434679874887093,-1.3348705319934941,-0.8421907521543786,0.36246934048050156,4.574379999430528
0.15418677590720664,-0.18794795493129346,3.275781783544839,-2.3263395064116414,1.3907236515270545,4.955385988318164,2.2783445756599123,-1.2962245664334002,0.6834174788568106,0.29351032483419015,7.279983475690001
-2.304390041830784,1.6955407823008553,1.753972076256478,0.8917093844291344,4.57143414799885,1.7877073255663767,2.4085460055572594,-0.6400947124758263,1.0422488928053704,0.1915687000455536,-6.9839309835628365
1.0335357817360837,1.3094678078600992,2.974686915099012,-2.7250931179488607,0.5894381765731793,4.757037680996264,2.343587310150995,2.817415066701753,1.3621899428508446,0.5093233712408923,11.405481641649837
-1.7481198524581907,1.4786855384465551,2.559359877766524,-2.266366839524204,1.7718703995196545,-0.6458222982308306,2.216729354588738,-2.0932333939047396,-0.561748151451672,0.772776383081934,0.7158929296632068
0.5407030032814126,0.9235026972136112,1.9908366508135282,-0.4969651424679933,2.437642451390845,0.5277739525503868,2.873751351596921,-1.9936666660365319,1.7267417543297423,0.4699964289255041,4.983739963989618
0.274431206634268,0.7878342441208974,3.476032935023555,0.9752903608985379,0.3451045810932787,0.19065862279107026,3.123860263922197,-3.9412806911475826,0.08657592355195542,0.27234521212125773,1.5184823448867935
0.3628346527518963,2.2931603720539364,3.4243488632837895,0.9365718613070939,-0.41310940488711845,2.6894722879172015,2.4268339334847937,-2.75994504864851,1.6696077953338562,0.2130980649709612,1.945202459654085
2.094464832635452,2.123965117172718,1.4630646275882724,0.1535336334804711,0.7786822284453926,-0.4362861671035929,1.726505117696361,3.829434299239492,2.0284191311280155,0.2515964677247229,8.679364562699252
-1.6600972948628214,2.556280644802827,2.588392193672912,-1.8673239566245647,2.4113558413306415,1.4070930619491566,1.1267542380960316,-0.5290404359481933,0.564940000942108,0.33994116823054993,-0.14889394634402842
0.35511268624156034,1.4098537866454577,2.852831277365368,-1.0077328151394829,1.0895958579260605,5.903715768954174,1.3165322697410626,-2.4386824614865725,-0.06020082549435957,0.37821200180486036,5.241019807881804
1.2634240574053406,2.4879305041209614,2.7208524041589075,-2.0227144004950377,1.22267288236677,4.559519956902605,0.40880941805171056,3.7254544860555407,2.6980142491219907,0.4703325269775202,9.29732507165125
-1.4006783822748203,0.5423090963075445,3.2577648041392164,-1.837895449755219,2.5929235815504956,4.32413989043973,0.9989231111858594,-3.78305705570446,1.9602033037291156,0.18158613186146164,0.09187178491256223
-1.5440550127209922,0.7790630352445356,3.1538163537573074,-1.560655875808603,0.5323883046061688,-0.054197103916200584,1.88982065940442,-0.1266689068794946,1.1671739672321477,0.39159020269236516,-0.028030228462512824
-0.902062554281408,2.3146108290501575,2.632593678158591,0.09308626620113447,1.3934936266246605,1.551913746074093,2.161243715524617,2.436817085020129,2.615270540047838,0.16622654452898647,-1.414135795424616
-0.04537374984910547,1.9277636920862626,3.638551806205818,-2.254430668693005,-0.31660924958018244,3.764115799010777,3.4548820483326566,2.182601636909106,1.0915878963730652,0.3092599396997194,7.352808969256054
-2.4746667835453326,0.6805045523936137,2.9684232613537884,-3.2445828848954146,1.8848628728709549,-0.8486233392962261,0.5117001013717912,-2.4862618760334447,0.31744206878588377,0.31829822127772234,0.309156857281059
0.2719627872016417,-0.15088405962168205,2.3242927524110386,0.6547279107949766,1.7754084894820923,2.037835436832892,4.049066537728986,1.6623173870221182,-0.10187227081003591,0.29265108147733265,3.0904080126292244
-2.4717414384440173,0.77563937230828,2.2238262025858244,-3.3691615963650783,2.454643557800661,5.50012852455942,1.2111196604143368,0.9783088691668,0.8814209511109927,0.5000711051758896,0.945700131601454
1.310663156130425,0.2466447145952616,3.121670751486804,2.3247089071544105,0.12569264199433672,-0.42362135170274506,0.9931645561402997,1.4022097291941336,1.8488925257797524,0.3417615364509411,1.9900113022434556
0.21927355932617232,2.896953830737542,2.103522886734779,-1.398286938519976,1.2697349030730998,5.343815370942003,1.867947168447392,-1.8711614749781065,2.5287351366186,0.47128494762069906,6.188921277259515
2.1783958209898455,1.836044707871726,2.295130860270761,-3.4605117660849043,-0.034164432549824264,0.36165137164725225,5.760949764948665,2.485875104254286,1.0258612376379221,0.15451394261198448,17.23561270853351
0.4362972648530171,0.15748516487455766,2.380214054272576,1.8075118684871239,1.2046719766130414,0.3237505634089186,1.1514525346134292,0.4739000744698778,2.3344374207292455,0.34001357245034186,-0.16291677089042292
-0.9266646315693889,-0.14949005673151383,2.6778266966380753,0.09882720002096779,3.2781456905294695,0.3680517113448021,2.122481849428087,1.8006243800426782,0.764303625347766,0.36554801683565297,-1.7109545510093032
-1.618147989304729,0.14385539883698883,2.4032708185192093,1.4043537690460406,1.1150966928312207,5.518792576122481,4.639014170388056,3.5165880790909156,0.14024217947856032,0.2890669946926497,-5.105067832248217
-0.1655525186909928,0.38529223768703247,1.8415145517599307,-0.8898517061842073,-0.139103789093884,3.226214960755639,0.3733479120947752,2.8439781831242277,-0.43694455718042735,0.6459977647832222,2.344326979348554
-0.5423508238690248,0.8166295668230862,3.081039868995382,-1.3749087019163997,0.6841448820302206,4.255522617078111,1.3825486832454934,2.258699764215521,0.443136041423947,0.3672633360794585,2.350706103102714
1.1605946488281873,2.226001139968976,2.2978006756074425,0.4311366582875813,-0.4331422001006535,1.5648532425927004,1.235129289836181,-1.6828100045498982,-0.39552317019462047,0.4590373360096815,5.223755775007235
-1.800066342896789,-0.06316858048830398,3.5099676343997457,-1.0639947506532295,-0.0549274545686631,5.112756551811782,2.5022670432386596,-3.56733509873506,3.2104627943092203,0.39163927701336204,-1.4674720646179242
2.32926280064537,3.518490969331205,2.65199500362992,-0.16274841187447198,2.30518433699448,3.0735599514045617,3.8823670464346294,0.5971557039153312,1.48322606894028,0.4437404812014329,10.785605784886783
1.2846877184009913,-0.037630260511520186,3.1336037422010796,-1.8330627313115364,-0.23553988483452426,3.198844532445788,1.9468216261296656,-3.72389557424487,0.8948236659192571,0.24828589011286145,10.488456584253282
-0.7849330823600018,-0.549952504204059,2.8154307570903963,-1.5041275596153498,1.8747943084258534,4.2662473645469605,6.855168478218543,1.7135181937496977,2.8942019385801316,0.23240380630275573,4.161510330784961
2.016949256692667,2.857135307855818,3.157528135728313,-3.006855420669672,1.530891211059088,4.415498363374132,5.157261133202453,1.894573370370166,-0.43249410586865555,0.540338462777886,15.770926034864997
-1.5963793330801817,2.4533811598206516,2.785169498132216,1.1882319203101925,0.862166101087999,3.7730450011040295,2.035778446382669,0.5032900899092843,0.8491428805146819,0.30885147480616004,-5.698227041986697
-0.21217429411868033,0.7994163224680861,2.617584416995903,-1.406895038156617,1.7728199760693322,-0.16763046482887278,1.485749688006228,-2.654784699669257,3.1996411713120474,0.8598229550791872,4.113503657815944
-2.2870594721975155,1.4194655466369792,3.0466170459282584,2.3499948725867474,0.3748061887832934,5.067086149132574,0.8446261519759333,3.005771476547012,0.8415554426028659,0.5905968690961564,-11.05850684538507
2.0851969588219736,1.4472260310122154,3.7429860572960263,-1.9414470552872491,2.5090132809924555,0.826293812596846,0.3370548334633071,0.7673698560381759,3.6914951562449807,0.43397028279292227,11.406368111522568
-2.8063415383133687,1.1503836716179145,2.3651015306975625,-0.6496839183828458,0.6619916417132027,5.973359108400437,1.7991782869435375,0.11913560059287853,1.8641653233856925,0.36053540457453115,-5.502338304701447
-2.5166183747670208,-0.42612749231752045,2.897463493862507,-1.6668067967696532,1.0363597336717356,1.6985555223801523,3.6817545014004605,0.5407340763364372,2.4365184994954565,0.6731643572185609,-1.2741827859021924
-1.3885983498856849,-1.7301639009328778,2.4973775387449257,0.6635522494940425,0.8935787935234715,-0.16001891680750657,0.5894826997489279,-3.336903305490953,2.468384305800358,0.5475632669738606,-4.880772721532686
1.351253144546626,0.07080119944424124,2.753029510246517,1.3501955177225238,2.327368277289319,1.2126055181243705,1.3968667083649884,1.9234964379114112,1.0017627062728414,0.4108025019029532,3.9502552665239214
0.8367828405104394,2.9977698525080427,2.521079278788267,-0.5779356168927343,2.153332696210679,3.0147397052048808,0.4256610931874306,-3.513795328887648,0.4629671689448658,0.23306735743258308,5.2907437978550345
-0.3291291204792507,3.040954852999322,1.4211285571447985,-1.298434655562728,-1.6460413991085603,1.7401236674169391,3.5910356062120745,0.6271052681272664,0.8730156481315454,0.5949668445527991,4.134957143083488
0.9264966956342131,0.7119793390584602,2.3999066411309116,0.9685079143830775,1.805091523533815,4.800771822784547,2.7814765289350487,-2.645943303436365,-0.08562575364498959,0.15120997687144183,3.9743588141254365
-0.6615792145956088,-0.05376064477603859,2.999777536404267,-2.3512697356158485,-0.5935113981906972,3.775444067943334,0.4402037237496626,-2.3383844882693285,0.9274408284472265,0.33478213188925793,3.316694602059321
0.09140029097519464,1.3059333417023185,2.117396688365715,0.09679802927279191,1.0904139453730042,0.4941539592285866,0.30776430029838364,-2.1339659943372853,0.995153345830543,0.8004184474414003,0.7974309947735856
1.8124165059185624,1.482879315013728,2.9604732215357714,0.9017467616375177,1.3701911739039598,2.771973134743068,0.7112627146604467,-3.8855548920923306,2.858158494851124,0.33990459980369037,5.651234297205881
-0.8452664224858986,1.6607914712234635,2.5918045821951723,-1.884382331725564,1.0775301245617956,4.512724001387641,4.264660270291781,3.134710648909418,1.6526032818002252,0.6641419994541867,3.542929035393524
-1.5729216690803884,-1.7797315511213578,2.4042547345728953,0.43419604068411655,2.1009830665186997,5.238636260867951,5.495672877723774,2.4338821719188584,3.59887931356556,0.5144345565588215,-2.747463964794858
0.15852040005778667,4.473531802207679,2.9529076926416837,0.9113568705215567,2.3640918792954384,1.7646103443562913,1.0365787525016854,-3.7497084186685425,-1.3754985074083432,0.34801110999377977,0.3858601992177763
0.5363840304881708,2.2457221348479957,2.840515771782131,-2.795500223095565,0.5718410486168513,5.471253041060073,2.474800962451244,-3.5441112960042656,-0.33874807003293683,0.3575747250142788,9.822198724480451
-0.3453731679966099,0.7823499258863668,2.7102735355990175,-1.556555093964981,0.528243597003215,-0.7482137826637002,2.778567933982539,2.263014779813556,0.609120139568097,0.2478292176481692,4.316825662895256
0.9047338391884454,0.20967460682306138,3.007950101390207,-1.0621637123948702,1.4568365356169797,3.7368384152583785,1.647927655736787,-3.9455736994423916,2.6417439104156255,0.442779025938671,7.331970799404597
-0.7817627907269169,2.086036263487565,2.60154915979429,1.1557443823593871,-0.35247849667938724,4.47389321389534,0.8807543963599773,-0.24800869033481465,0.879465079688318,0.7430151245211455,-3.614493747961571
-0.3214355865831112,1.5449340765379955,1.677666983505488,-0.09496920252475993,0.9276264297747856,1.9759896644943877,0.6365912877374977,-3.1416219656455358,-0.6146095192163767,0.5240225377213439,0.03669875201618783
0.024404835589053597,1.1013622368379625,2.3109395634338403,-0.8026311611785371,3.1176934000648293,-0.9231786685682184,1.6792971103181071,0.7330578161484658,0.7303631202361408,0.48139949403638926,3.801547790864117
-0.0976945467475775,1.5041680970048927,1.597798788610067,-1.5873653079746237,-0.3075606782528586,3.809246121886339,1.460519396696507,3.9867233430752584,-0.3173580835304055,0.3741015614989283,4.440072436864139
1.7585802810043885,0.876008435352924,2.828682413104317,-3.4756317966506978,1.0918591688239103,1.3979496977659371,0.5931967294656656,-2.6238278756681472,-0.5329883449647861,0.2038022326739295,14.027930259871296
